{
  "env": {
    "platform": "macOS-26.5-arm64-arm-64bit",
    "machine": "arm64",
    "processor": "arm",
    "python": "3.12.13",
    "cpu_count": 10,
    "numpy": "2.4.6",
    "faiss": "1.13.2",
    "hnswlib": "0.8.0"
  },
  "config": {
    "n": 30000,
    "dim": 30,
    "queries": 500,
    "top_k": [
      10,
      100
    ],
    "concurrency": [
      1,
      4,
      8,
      16
    ],
    "metric": "l2",
    "seed": 42,
    "backends": [
      "brute",
      "hnswlib",
      "faiss-hnsw",
      "faiss-ivfpq",
      "adaptive-hnsw"
    ],
    "data_source": "liver.h5ad obsm['X_pca'] (dim=30)"
  },
  "backends": [
    {
      "name": "brute",
      "build_seconds": 7.999944500625134e-06,
      "save_seconds": 0.0007362079340964556,
      "memory_mb": 3.4332275390625,
      "build_params": {},
      "recall": {
        "10": 1.0,
        "100": 1.0
      },
      "adaptive_meta": {},
      "latency": {
        "10": {
          "1": {
            "p50_ms": 0.6028545321896672,
            "p95_ms": 0.7034124748315662,
            "p99_ms": 0.7735124533064663,
            "mean_ms": 0.6031550033949316,
            "qps": 1657.36653635023,
            "wall_seconds": 0.30168341705575585
          },
          "4": {
            "p50_ms": 0.6867704796604812,
            "p95_ms": 1.13753326004371,
            "p99_ms": 1.4900847210083155,
            "mean_ms": 0.7462335950694978,
            "qps": 5302.084066117484,
            "wall_seconds": 0.09430254099424928
          },
          "8": {
            "p50_ms": 1.2413749936968088,
            "p95_ms": 2.0187788468319914,
            "p99_ms": 2.471632332308218,
            "mean_ms": 1.2926984927617013,
            "qps": 6090.430708910929,
            "wall_seconds": 0.08209600008558482
          },
          "16": {
            "p50_ms": 2.5633545592427254,
            "p95_ms": 4.5397437585052085,
            "p99_ms": 5.419969244394449,
            "mean_ms": 2.6785345864482224,
            "qps": 5775.233634048564,
            "wall_seconds": 0.0865765840280801
          }
        },
        "100": {
          "1": {
            "p50_ms": 0.6149170221760869,
            "p95_ms": 0.7200014137197285,
            "p99_ms": 0.7973792776465415,
            "mean_ms": 0.6140511070843786,
            "qps": 1627.8916447149334,
            "wall_seconds": 0.30714574991725385
          },
          "4": {
            "p50_ms": 0.6886459304951131,
            "p95_ms": 1.1278374702669678,
            "p99_ms": 1.3394650747068224,
            "mean_ms": 0.739708831300959,
            "qps": 5343.319442662184,
            "wall_seconds": 0.09357479098252952
          },
          "8": {
            "p50_ms": 1.2806459562852979,
            "p95_ms": 2.101389301242307,
            "p99_ms": 2.4512688373215488,
            "mean_ms": 1.3453813318628818,
            "qps": 5832.802733465289,
            "wall_seconds": 0.08572208299301565
          },
          "16": {
            "p50_ms": 2.7562499744817615,
            "p95_ms": 4.811562766553834,
            "p99_ms": 5.576790105551479,
            "mean_ms": 2.8490817432757467,
            "qps": 5397.675991101667,
            "wall_seconds": 0.09263245901092887
          }
        }
      }
    },
    {
      "name": "hnswlib",
      "build_seconds": 0.2586535409791395,
      "save_seconds": 0.006793541018851101,
      "memory_mb": 7.0953369140625,
      "build_params": {
        "M": 16,
        "ef_construction": 200,
        "ef_search": 64
      },
      "recall": {
        "10": 0.9996,
        "100": 0.99752
      },
      "adaptive_meta": {},
      "latency": {
        "10": {
          "1": {
            "p50_ms": 0.017604499589651823,
            "p95_ms": 0.02566613256931305,
            "p99_ms": 0.032795314909890294,
            "mean_ms": 0.01838759984821081,
            "qps": 53907.867502113186,
            "wall_seconds": 0.009275084012188017
          },
          "4": {
            "p50_ms": 0.036354525946080685,
            "p95_ms": 0.07154823979362845,
            "p99_ms": 0.08955066674388944,
            "mean_ms": 0.04435384692624211,
            "qps": 77730.27631251421,
            "wall_seconds": 0.006432499969378114
          },
          "8": {
            "p50_ms": 0.06700004450976849,
            "p95_ms": 0.18043551244772965,
            "p99_ms": 1.0410253365989774,
            "mean_ms": 0.08254131395369768,
            "qps": 81414.43475840134,
            "wall_seconds": 0.006141417077742517
          },
          "16": {
            "p50_ms": 0.13241649139672518,
            "p95_ms": 0.4783986310940233,
            "p99_ms": 1.0468671459237486,
            "mean_ms": 0.3300216165371239,
            "qps": 21049.049260134496,
            "wall_seconds": 0.023754041991196573
          }
        },
        "100": {
          "1": {
            "p50_ms": 0.02416654024273157,
            "p95_ms": 0.03437710111029446,
            "p99_ms": 0.046527505619451376,
            "mean_ms": 0.02529108547605574,
            "qps": 39294.78737547586,
            "wall_seconds": 0.012724334024824202
          },
          "4": {
            "p50_ms": 0.04620850086212158,
            "p95_ms": 0.09564202046021798,
            "p99_ms": 0.138062082696706,
            "mean_ms": 0.05277514038607478,
            "qps": 66437.09568774952,
            "wall_seconds": 0.007525915978476405
          },
          "8": {
            "p50_ms": 0.08120900020003319,
            "p95_ms": 0.23896526545286167,
            "p99_ms": 0.933487571310252,
            "mean_ms": 0.10129244136624038,
            "qps": 70271.19399848348,
            "wall_seconds": 0.007115291082300246
          },
          "16": {
            "p50_ms": 0.133937515784055,
            "p95_ms": 0.4310545511543751,
            "p99_ms": 0.8873242663685209,
            "mean_ms": 0.1591720273718238,
            "qps": 67726.97316233207,
            "wall_seconds": 0.007382582989521325
          }
        }
      }
    },
    {
      "name": "faiss-hnsw",
      "build_seconds": 0.28128066600766033,
      "save_seconds": 0.0016067919787019491,
      "memory_mb": 3.4332275390625,
      "build_params": {
        "M": 16,
        "ef_construction": 200,
        "ef_search": 64
      },
      "recall": {
        "10": 0.9962,
        "100": 0.98422
      },
      "adaptive_meta": {},
      "latency": {
        "10": {
          "1": {
            "p50_ms": 0.019603990949690342,
            "p95_ms": 0.03246839041821658,
            "p99_ms": 0.044340614695101935,
            "mean_ms": 0.021498505026102066,
            "qps": 46171.24925269464,
            "wall_seconds": 0.010829249978996813
          },
          "4": {
            "p50_ms": 0.04350004019215703,
            "p95_ms": 0.10433304123580456,
            "p99_ms": 0.14424546854570486,
            "mean_ms": 0.05523484782315791,
            "qps": 62274.581639219825,
            "wall_seconds": 0.00802895799279213
          },
          "8": {
            "p50_ms": 0.07472943980246782,
            "p95_ms": 0.26844140957109597,
            "p99_ms": 0.6645381788257476,
            "mean_ms": 0.10490840999409556,
            "qps": 66211.64346859712,
            "wall_seconds": 0.007551541901193559
          },
          "16": {
            "p50_ms": 0.1343749463558197,
            "p95_ms": 0.6108482135459781,
            "p99_ms": 0.9818762470968068,
            "mean_ms": 0.1978993050288409,
            "qps": 57312.613329216576,
            "wall_seconds": 0.008724083076231182
          }
        },
        "100": {
          "1": {
            "p50_ms": 0.028292008209973574,
            "p95_ms": 0.03859020071104168,
            "p99_ms": 0.04678619909100231,
            "mean_ms": 0.029166417894884944,
            "qps": 34121.54080514119,
            "wall_seconds": 0.014653500053100288
          },
          "4": {
            "p50_ms": 0.05114550003781915,