{
  "env": {
    "platform": "macOS-26.5-arm64-arm-64bit",
    "machine": "arm64",
    "processor": "arm",
    "python": "3.12.13",
    "cpu_count": 10,
    "numpy": "2.4.6",
    "faiss": "1.13.2",
    "hnswlib": "0.8.0"
  },
  "config": {
    "n": 30000,
    "dim": 30,
    "queries": 500,
    "top_k": [
      10,
      100
    ],
    "concurrency": [
      1,
      4,
      8
    ],
    "metric": "l2",
    "seed": 42,
    "backends": [
      "brute",
      "hnswlib",
      "faiss-hnsw",
      "faiss-ivfpq",
      "adaptive-hnsw"
    ],
    "data_source": "liver.h5ad obsm['X_pca'] (dim=30)"
  },
  "backends": [
    {
      "name": "brute",
      "build_seconds": 6.749993190169334e-06,
      "save_seconds": 0.0013755830004811287,
      "memory_mb": 3.4332275390625,
      "build_params": {},
      "recall": {
        "10": 1.0,
        "100": 1.0
      },
      "adaptive_meta": {},
      "latency": {
        "10": {
          "1": {
            "p50_ms": 0.5818539648316801,
            "p95_ms": 0.6319201842416078,
            "p99_ms": 0.6499408045783639,
            "mean_ms": 0.5757520396728069,
            "qps": 1736.4236310673323,
            "wall_seconds": 0.28794816602021456
          },
          "4": {
            "p50_ms": 0.6568959797732532,
            "p95_ms": 0.8381042047403748,
            "p99_ms": 1.2612479378003614,
            "mean_ms": 0.6801547782961279,
            "qps": 5810.648376036758,
            "wall_seconds": 0.0860489170299843
          },
          "8": {
            "p50_ms": 1.0612084879539907,
            "p95_ms": 1.6251208202447733,
            "p99_ms": 2.0778579358011484,
            "mean_ms": 1.0994077641516924,
            "qps": 7167.5896331139265,
            "wall_seconds": 0.06975845794659108
          }
        },
        "100": {
          "1": {
            "p50_ms": 0.5843749968335032,
            "p95_ms": 0.6362993910443038,
            "p99_ms": 0.6493350898381323,
            "mean_ms": 0.5776196983642876,
            "qps": 1730.7658215360252,
            "wall_seconds": 0.28888945793733
          },
          "4": {
            "p50_ms": 0.6520419847220182,
            "p95_ms": 0.7225187786389142,
            "p99_ms": 0.7727766351308673,
            "mean_ms": 0.6543263380881399,
            "qps": 6045.388752774725,
            "wall_seconds": 0.08270766702480614
          },
          "8": {
            "p50_ms": 1.0646250448189676,
            "p95_ms": 1.6193666611798092,
            "p99_ms": 2.1088438341394062,
            "mean_ms": 1.1145604222547263,
            "qps": 7063.655893548938,
            "wall_seconds": 0.07078487507533282
          }
        }
      }
    },
    {
      "name": "hnswlib",
      "build_seconds": 0.2235387919936329,
      "save_seconds": 0.005990874953567982,
      "memory_mb": 7.0953369140625,
      "build_params": {
        "M": 16,
        "ef_construction": 200,
        "ef_search": 64
      },
      "recall": {
        "10": 0.9996,
        "100": 0.99758
      },
      "adaptive_meta": {},
      "latency": {
        "10": {
          "1": {
            "p50_ms": 0.015625031664967537,
            "p95_ms": 0.01999992527998984,
            "p99_ms": 0.021376266377046704,
            "mean_ms": 0.015716138761490583,
            "qps": 63158.22709227411,
            "wall_seconds": 0.0079166250070557
          },
          "4": {
            "p50_ms": 0.037645979318767786,
            "p95_ms": 0.06959545426070689,
            "p99_ms": 0.10980288265272971,
            "mean_ms": 0.04497706703841686,
            "qps": 79596.18603306657,
            "wall_seconds": 0.006281708017922938
          },
          "8": {
            "p50_ms": 0.06997899617999792,
            "p95_ms": 0.16434956924058494,
            "p99_ms": 0.22334077744744713,
            "mean_ms": 0.07538580452091992,
            "qps": 85711.2183668067,
            "wall_seconds": 0.005833542090840638
          }
        },
        "100": {
          "1": {
            "p50_ms": 0.0213750172406435,
            "p95_ms": 0.02725197118707001,
            "p99_ms": 0.029839305207133286,
            "mean_ms": 0.021717460127547383,
            "qps": 45800.8290727663,
            "wall_seconds": 0.010916832950897515
          },
          "4": {
            "p50_ms": 0.04127051215618849,
            "p95_ms": 0.06759128882549702,
            "p99_ms": 0.0779594155028462,
            "mean_ms": 0.0454595978371799,
            "qps": 77459.83786838136,
            "wall_seconds": 0.006454957998357713
          },
          "8": {
            "p50_ms": 0.07914600428193808,
            "p95_ms": 0.1820813515223562,
            "p99_ms": 0.23238249472342432,
            "mean_ms": 0.08452600985765457,
            "qps": 77496.35982662046,
            "wall_seconds": 0.006451915949583054
          }
        }
      }
    },
    {
      "name": "faiss-hnsw",
      "build_seconds": 0.24533566599711776,
      "save_seconds": 0.0007999999215826392,
      "memory_mb": 3.4332275390625,
      "build_params": {
        "M": 16,
        "ef_construction": 200,
        "ef_search": 64
      },
      "recall": {
        "10": 0.9976,
        "100": 0.9844
      },
      "adaptive_meta": {},
      "latency": {
        "10": {
          "1": {
            "p50_ms": 0.01716648694127798,
            "p95_ms": 0.02150629879906773,
            "p99_ms": 0.024550103116780513,
            "mean_ms": 0.01747061125934124,
            "qps": 56821.41063989876,
            "wall_seconds": 0.008799499948509037
          },
          "4": {
            "p50_ms": 0.04050001734867692,
            "p95_ms": 0.09237737394869319,
            "p99_ms": 0.11721591348759829,
            "mean_ms": 0.04664330999366939,
            "qps": 70679.69960882478,
            "wall_seconds": 0.0070741670206189156
          },
          "8": {
            "p50_ms": 0.07312500383704901,
            "p95_ms": 0.2208935329690574,
            "p99_ms": 0.4094557755161076,
            "mean_ms": 0.09530192241072655,
            "qps": 70351.93542760273,
            "wall_seconds": 0.007107125013135374
          }
        },
        "100": {
          "1": {
            "p50_ms": 0.02516701351851225,
            "p95_ms": 0.029677333077415814,
            "p99_ms": 0.03417112631723284,
            "mean_ms": 0.02537352405488491,
            "qps": 39223.76192312126,
            "wall_seconds": 0.012747374945320189
          },
          "4": {
            "p50_ms": 0.04877097671851516,
            "p95_ms": 0.08247560472227632,
            "p99_ms": 0.09064669138751923,
            "mean_ms": 0.05355314793996513,
            "qps": 66725.98197468153,
            "wall_seconds": 0.007493332959711552
          },
          "8": {
            "p50_ms": 0.08943805005401373,
            "p95_ms": 0.22524021915160106,
            "p99_ms": 0.4360081895720213,
            "mean_ms": 0.11043661693111062,
            "qps": 62525.07275964917,
            "wall_seconds": 0.00799679197371006
          }
        }
      }
    },
    {
      "name": "faiss-ivfpq",
      "build_seconds": 0.18744204204995185,
      "save_seconds": 0.0006217920454218984,
      "memory_mb": 0.286102294921875,
      "build_params": {
        "nlist": 173,
        "m": 10,
        "nbits": 8,
        "nprobe": 16
      },
      "recall": {
        "10": 0.8046,
        "100": 0.89958
      },
      "adaptive_meta": {},
      "latency": {
        "10": {
          "1": {
            "p50_ms": 0.018458988051861525,
            "p95_ms": 0.023675302509218447,
            "p99_ms": 0.025552817387506355,
            "mean_ms": 0.018850772408768535,
            "qps": 52716.20240338126,
            "wall_seconds": 0.009484749985858798
          },
          "4": {
            "p50_ms": 0.04981301026418805,
            "p95_ms": 0.08000212255865335,
            "p99_ms": 0.09673926862888031,
            "mean_ms": 0.05582183785736561,
            "qps": 65034.65284677089,