{
  "env": {
    "platform": "macOS-26.5-arm64-arm-64bit",
    "machine": "arm64",
    "processor": "arm",
    "python": "3.12.13",
    "cpu_count": 10,
    "numpy": "2.4.6",
    "faiss": "1.13.2",
    "hnswlib": "0.8.0"
  },
  "config": {
    "n": 100000,
    "dim": 50,
    "queries": 200,
    "top_k": [
      10,
      100
    ],
    "concurrency": [
      1,
      4,
      8,
      16
    ],
    "metric": "l2",
    "seed": 42,
    "dtype": "float32",
    "backends": [
      "brute",
      "hnswlib",
      "faiss-hnsw",
      "faiss-ivfpq",
      "adaptive-hnsw"
    ],
    "data_source": "合成 standard_normal (dim=50)",
    "use_numba": true
  },
  "backends": [
    {
      "name": "brute",
      "build_seconds": 1.0500079952180386e-05,
      "save_seconds": 0.002636375022120774,
      "memory_mb": 19.073486328125,
      "build_params": {},
      "recall": {
        "10": 1.0,
        "100": 1.0
      },
      "adaptive_meta": {},
      "latency": {
        "10": {
          "1": {
            "p50_ms": 0.8275830186903477,
            "p95_ms": 1.062568777706474,
            "p99_ms": 1.0970095428638158,
            "mean_ms": 0.8003491279669106,
            "qps": 1249.0456512605388,
            "wall_seconds": 0.16012224997393787
          },
          "4": {
            "p50_ms": 1.3513335143215954,
            "p95_ms": 3.8031810487154862,
            "p99_ms": 5.220090319635343,
            "mean_ms": 2.1855239366414025,
            "qps": 1813.7299345782842,
            "wall_seconds": 0.1102700000628829
          },
          "8": {
            "p50_ms": 4.324625013396144,
            "p95_ms": 9.17803780757822,
            "p99_ms": 10.192374594043937,
            "mean_ms": 4.402689574053511,
            "qps": 1777.0393192937613,
            "wall_seconds": 0.11254674999509007
          },
          "16": {
            "p50_ms": 8.038104453589767,
            "p95_ms": 21.3393347396049,
            "p99_ms": 31.801932957023375,
            "mean_ms": 9.221082082367502,
            "qps": 1580.7761813323748,
            "wall_seconds": 0.12652012496255338
          }
        },
        "100": {
          "1": {
            "p50_ms": 0.8622084860689938,
            "p95_ms": 1.1514395766425876,
            "p99_ms": 1.3255955243948845,
            "mean_ms": 0.846281013218686,
            "qps": 1181.2180423769366,
            "wall_seconds": 0.16931675001978874
          },
          "4": {
            "p50_ms": 1.3628960587084293,
            "p95_ms": 3.9386208227369925,
            "p99_ms": 4.341943766921758,
            "mean_ms": 2.2164668462937698,
            "qps": 1785.0369270689048,
            "wall_seconds": 0.11204250005539507
          },
          "8": {
            "p50_ms": 4.217041481751949,
            "p95_ms": 8.761633676476777,
            "p99_ms": 10.309956045821307,
            "mean_ms": 4.379640223924071,
            "qps": 1785.714939630079,
            "wall_seconds": 0.11199995898641646
          },
          "16": {
            "p50_ms": 9.035437484271824,
            "p95_ms": 21.93560686428098,
            "p99_ms": 31.247445881599518,
            "mean_ms": 10.537345188786276,
            "qps": 1451.7018712853387,
            "wall_seconds": 0.13776933401823044
          }
        }
      },
      "numba_meta": {
        "active": true,
        "jit_seconds": 0.0034062080085277557,
        "hot_seconds": 0.0032380830962210894
      }
    },
    {
      "name": "hnswlib",
      "build_seconds": 4.480151708004996,
      "save_seconds": 0.025886249961331487,
      "memory_mb": 31.280517578125,
      "build_params": {
        "M": 16,
        "ef_construction": 200,
        "ef_search": 64
      },
      "recall": {
        "10": 0.678,
        "100": 0.6353
      },
      "adaptive_meta": {},
      "latency": {
        "10": {
          "1": {
            "p50_ms": 0.06737501826137304,
            "p95_ms": 0.08592315134592354,
            "p99_ms": 0.10076918057166039,
            "mean_ms": 0.06948746740818024,
            "qps": 14352.479037869312,
            "wall_seconds": 0.013934874907135963
          },
          "4": {
            "p50_ms": 0.07933349115774035,
            "p95_ms": 0.21889585768803954,
            "p99_ms": 0.24504667380824466,
            "mean_ms": 0.09663708158768713,
            "qps": 35672.08438808683,
            "wall_seconds": 0.005606624996289611
          },
          "8": {
            "p50_ms": 0.12933294055983424,
            "p95_ms": 0.2896745863836256,
            "p99_ms": 0.4029743303544819,
            "mean_ms": 0.15409831539727747,
            "qps": 40733.88698489053,
            "wall_seconds": 0.004909916897304356
          },
          "16": {
            "p50_ms": 0.20256248535588384,
            "p95_ms": 0.6213812099304049,
            "p99_ms": 0.9945195878390214,
            "mean_ms": 0.24921791977249086,
            "qps": 40711.09310141009,
            "wall_seconds": 0.004912665928713977
          }
        },
        "100": {
          "1": {
            "p50_ms": 0.11000043014064431,
            "p95_ms": 0.12609646073542535,
            "p99_ms": 0.13038199627771974,
            "mean_ms": 0.11092749540694058,
            "qps": 8999.398305495733,
            "wall_seconds": 0.022223707986995578
          },
          "4": {
            "p50_ms": 0.11614552931860089,
            "p95_ms": 0.3812784678302705,
            "p99_ms": 0.46872051316313434,
            "mean_ms": 0.1683645782759413,
            "qps": 21913.60576013335,
            "wall_seconds": 0.009126749937422574
          },
          "8": {
            "p50_ms": 0.2002499531954527,
            "p95_ms": 0.4204777185805141,
            "p99_ms": 0.5380482296459372,
            "mean_ms": 0.23609481053426862,
            "qps": 27639.102620039564,
            "wall_seconds": 0.007236124947667122
          },
          "16": {
            "p50_ms": 0.27595850406214595,
            "p95_ms": 1.0158975783269844,
            "p99_ms": 1.6817265760619167,
            "mean_ms": 0.3915352438343689,
            "qps": 26216.75541161901,
            "wall_seconds": 0.007628709077835083
          }
        }
      }
    },
    {
      "name": "faiss-hnsw",
      "build_seconds": 3.1222561670001596,
      "save_seconds": 0.005650667008012533,
      "memory_mb": 19.073486328125,
      "build_params": {
        "M": 16,
        "ef_construction": 200,
        "ef_search": 64
      },
      "recall": {
        "10": 0.716,
        "100": 0.57045
      },
      "adaptive_meta": {},
      "latency": {
        "10": {
          "1": {
            "p50_ms": 0.04531251033768058,
            "p95_ms": 0.054816983174532645,
            "p99_ms": 0.05942189251072704,
            "mean_ms": 0.04640895174816251,
            "qps": 21466.137059629873,
            "wall_seconds": 0.009317000047303736
          },
          "4": {
            "p50_ms": 0.06012496305629611,
            "p95_ms": 0.09051731321960686,
            "p99_ms": 0.4394495207816362,
            "mean_ms": 0.0684341398300603,
            "qps": 50329.75965100997,
            "wall_seconds": 0.003973792074248195
          },
          "8": {
            "p50_ms": 0.10699947597458959,
            "p95_ms": 0.2859107335098085,
            "p99_ms": 0.474581865128128,
            "mean_ms": 0.13643455633427948,
            "qps": 43800.412757020895,
            "wall_seconds": 0.004566167015582323
          },
          "16": {
            "p50_ms": 0.17097900854423642,
            "p95_ms": 0.618572946405038,
            "p99_ms": 0.9058188064955173,
            "mean_ms": 0.23263458395376801,
            "qps": 45301.826465945174,
            "wall_seconds": 0.004414833034388721
          }
        },
        "100": {
          "1": {
            "p50_ms": 0.05987501936033368,
            "p95_ms": 0.06727293948642908,
            "p99_ms": 0.07031275192275642,
            "mean_ms": 0.06063940585590899,